Datetime,Water Level (m)
2026-01-29 06:00:00,0.025460541
2026-01-29 07:00:00,0.050567746
2026-01-29 08:00:00,-0.045451794
2026-01-29 09:00:00,-0.19358884
2026-01-29 10:00:00,-0.35090294
2026-01-29 11:00:00,-0.5185136
2026-01-29 12:00:00,-0.66239005
2026-01-29 13:00:00,-0.78517425
2026-01-29 14:00:00,-0.8461169
2026-01-29 15:00:00,-0.55072534
2026-01-29 16:00:00,-0.20259117
2026-01-29 17:00:00,0.13637812
2026-01-29 18:00:00,0.44733992
2026-01-29 19:00:00,0.63865155
2026-01-29 20:00:00,0.6290995
2026-01-29 21:00:00,0.41065997
2026-01-29 22:00:00,0.15850864
2026-01-29 23:00:00,-0.056120645
2026-01-30 00:00:00,-0.25527444
2026-01-30 01:00:00,-0.4655038
2026-01-30 02:00:00,-0.6294896
2026-01-30 03:00:00,-0.7577683
2026-01-30 04:00:00,-0.76119196
2026-01-30 05:00:00,-0.42728558
2026-01-30 06:00:00,-0.1555297
2026-01-30 07:00:00,0.09042556
2026-01-30 08:00:00,0.1725206
2026-01-30 09:00:00,0.10907565
2026-01-30 10:00:00,-0.0769923
2026-01-30 11:00:00,-0.262089
2026-01-30 12:00:00,-0.44869334
2026-01-30 13:00:00,-0.627985
2026-01-30 14:00:00,-0.77288455
2026-01-30 15:00:00,-0.8647405
2026-01-30 16:00:00,-0.62493813
2026-01-30 17:00:00,-0.26913336
2026-01-30 18:00:00,0.08450973
2026-01-30 19:00:00,0.44701034
2026-01-30 20:00:00,0.6724561
2026-01-30 21:00:00,0.68696856
2026-01-30 22:00:00,0.4499353
2026-01-30 23:00:00,0.17595981
2026-01-31 00:00:00,-0.046544984
2026-01-31 01:00:00,-0.25072962
2026-01-31 02:00:00,-0.47175488
2026-01-31 03:00:00,-0.6455308
2026-01-31 04:00:00,-0.7836836
2026-01-31 05:00:00,-0.76263875
2026-01-31 06:00:00,-0.3557981
2026-01-31 07:00:00,-0.069899715
2026-01-31 08:00:00,0.19704166
2026-01-31 09:00:00,0.26458663
2026-01-31 10:00:00,0.19039357
2026-01-31 11:00:00,-0.019745888
2026-01-31 12:00:00,-0.21993239
2026-01-31 13:00:00,-0.41303027
2026-01-31 14:00:00,-0.5988176
2026-01-31 15:00:00,-0.74955404
2026-01-31 16:00:00,-0.8515518
2026-01-31 17:00:00,-0.5778634
2026-01-31 18:00:00,-0.16405441
2026-01-31 19:00:00,0.24224317
2026-01-31 20:00:00,0.6169058
2026-01-31 21:00:00,0.8119915
2026-01-31 22:00:00,0.76293665
2026-01-31 23:00:00,0.47801584
2026-02-01 00:00:00,0.20406128
2026-02-01 01:00:00,-0.022185037
2026-02-01 02:00:00,-0.23870417
2026-02-01 03:00:00,-0.46595028
2026-02-01 04:00:00,-0.63839877
2026-02-01 05:00:00,-0.7713647
2026-02-01 06:00:00,-0.616738
2026-02-01 07:00:00,-0.17207016
2026-02-01 08:00:00,0.15189631
2026-02-01 09:00:00,0.4016947
2026-02-01 10:00:00,0.42039123
2026-02-01 11:00:00,0.2715109
2026-02-01 12:00:00,0.024049751
2026-02-01 13:00:00,-0.18014078
2026-02-01 14:00:00,-0.38132682
2026-02-01 15:00:00,-0.5751785
2026-02-01 16:00:00,-0.7291226
2026-02-01 17:00:00,-0.81924385
2026-02-01 18:00:00,-0.42752826
2026-02-01 19:00:00,-0.010168506
2026-02-01 20:00:00,0.43482926
2026-02-01 21:00:00,0.7730072
2026-02-01 22:00:00,0.90388656
2026-02-01 23:00:00,0.7479285
2026-02-02 00:00:00,0.4335551
2026-02-02 01:00:00,0.17555255
2026-02-02 02:00:00,-0.04527614
2026-02-02 03:00:00,-0.27345476
2026-02-02 04:00:00,-0.49051163
2026-02-02 05:00:00,-0.652677
2026-02-02 06:00:00,-0.75841814
2026-02-02 07:00:00,-0.35140127
2026-02-02 08:00:00,0.026272047
2026-02-02 09:00:00,0.39051023
2026-02-02 10:00:00,0.5586769
2026-02-02 11:00:00,0.5251365
2026-02-02 12:00:00,0.2946739
2026-02-02 13:00:00,0.052034933
2026-02-02 14:00:00,-0.15249991
2026-02-02 15:00:00,-0.36220837
2026-02-02 16:00:00,-0.55685115
2026-02-02 17:00:00,-0.7091583
2026-02-02 18:00:00,-0.7489619
2026-02-02 19:00:00,-0.222792
2026-02-02 20:00:00,0.19822429
2026-02-02 21:00:00,0.6629509
2026-02-02 22:00:00,0.9053611
2026-02-02 23:00:00,0.939279
2026-02-03 00:00:00,0.67313164
2026-02-03 01:00:00,0.37175837
2026-02-03 02:00:00,0.1255618
2026-02-03 03:00:00,-0.096365474
2026-02-03 04:00:00,-0.32968587
2026-02-03 05:00:00,-0.5254262
2026-02-03 06:00:00,-0.6768418
2026-02-03 07:00:00,-0.6545831
2026-02-03 08:00:00,-0.11450771
2026-02-03 09:00:00,0.24844743
2026-02-03 10:00:00,0.5828587
2026-02-03 11:00:00,0.6504605
2026-02-03 12:00:00,0.5431425
2026-02-03 13:00:00,0.26099536
2026-02-03 14:00:00,0.033368036
2026-02-03 15:00:00,-0.17363863
2026-02-03 16:00:00,-0.39084905
2026-02-03 17:00:00,-0.5756795
2026-02-03 18:00:00,-0.7172344
2026-02-03 19:00:00,-0.6037088
2026-02-03 20:00:00,-0.040221922
2026-02-03 21:00:00,0.39651096
2026-02-03 22:00:00,0.7890158
2026-02-03 23:00:00,0.92918813
2026-02-04 00:00:00,0.84093726
2026-02-04 01:00:00,0.526281
2026-02-04 02:00:00,0.25796887
2026-02-04 03:00:00,0.027953956
2026-02-04 04:00:00,-0.19385096
2026-02-04 05:00:00,-0.42155746
2026-02-04 06:00:00,-0.58951163
